{
  "HTTP Request-1" : {
    "transaction" : "HTTP Request-1",
    "sampleCount" : 1000,
    "errorCount" : 0,
    "errorPct" : 0.0,
    "meanResTime" : 31.33200000000003,
    "medianResTime" : 26.0,
    "minResTime" : 9.0,
    "maxResTime" : 546.0,
    "pct1ResTime" : 44.0,
    "pct2ResTime" : 52.94999999999993,
    "pct3ResTime" : 85.98000000000002,
    "throughput" : 32.800865942860895,
    "receivedKBytesPerSec" : 129.2174738413094,
    "sentKBytesPerSec" : 4.004011955915637
  },
  "Total" : {
    "transaction" : "Total",
    "sampleCount" : 3000,
    "errorCount" : 0,
    "errorPct" : 0.0,
    "meanResTime" : 31.321666666666673,
    "medianResTime" : 27.0,
    "minResTime" : 3.0,
    "maxResTime" : 574.0,
    "pct1ResTime" : 52.0,
    "pct2ResTime" : 66.0,
    "pct3ResTime" : 116.98999999999978,
    "throughput" : 97.95598511069026,
    "receivedKBytesPerSec" : 282.64383203813753,
    "sentKBytesPerSec" : 23.277301149350226
  },
  "HTTP Request-0" : {
    "transaction" : "HTTP Request-0",
    "sampleCount" : 1000,
    "errorCount" : 0,
    "errorPct" : 0.0,
    "meanResTime" : 15.571000000000014,
    "medianResTime" : 11.0,
    "minResTime" : 3.0,
    "maxResTime" : 263.0,
    "pct1ResTime" : 27.0,
    "pct2ResTime" : 38.0,
    "pct3ResTime" : 78.94000000000005,
    "throughput" : 32.686147610642614,
    "receivedKBytesPerSec" : 12.704186278355232,
    "sentKBytesPerSec" : 7.660815846244361
  },
  "HTTP Request" : {
    "transaction" : "HTTP Request",
    "sampleCount" : 1000,
    "errorCount" : 0,
    "errorPct" : 0.0,
    "meanResTime" : 47.062000000000054,
    "medianResTime" : 39.0,
    "minResTime" : 13.0,
    "maxResTime" : 574.0,
    "pct1ResTime" : 71.89999999999998,
    "pct2ResTime" : 87.0,
    "pct3ResTime" : 165.93000000000006,
    "throughput" : 32.65199503689675,
    "receivedKBytesPerSec" : 141.32191601906877,
    "sentKBytesPerSec" : 11.638650574675113
  }
}